"Gene","Early.lfc","Early.padj","Late.lfc","Late.padj","Middle.lfc","Middle.padj"
"ABCB1",0.0943828437934373,0.771122919108727,-0.247020488623188,0.0874778155196111,-0.249519241369899,0.150149552566681
"ABCF1",0.000366053059996929,0.998985660786889,-0.0857452662270974,0.677357001567138,0.20771852651052,0.412468407537321
"ABL1",0.0673284631313606,0.79300285010971,-0.128132617332708,0.273978059436176,-0.233342537495662,0.0998451763378474
"ADA",0.0682520516611991,0.79300285010971,0.562645377089957,2.16963283749441e-05,-0.129336752665119,0.407667612074928
"AGER",0.0359403721458218,0.8735226922652,-0.150520796964119,0.204618238438428,-0.263805366011581,0.0675758057373846
"AHR",-0.248292971160179,0.697283845325082,-0.397311152674861,0.146396285376907,-1.29739135707832,2.46620963595627e-06
"AICDA",0.0314981771882152,0.902786866228954,0.31771275353875,0.0434452509602405,-0.236993474941575,0.174434506392388
"AKT3",0.217484207107157,0.780781385994787,-1.46827352515868,1.74405101938141e-05,-0.346134906653329,0.442984414515429
"ALAS1",-0.16477952737064,0.663507906137856,0.505017928093548,0.00251960931983279,-0.0769889477538381,0.730853416975535
"ALOX12",0.094569923949007,0.751955348779506,-0.215290720855739,0.093824908156823,-0.283061931914657,0.0706931524149247
"ALOX15",-0.00636662307315916,0.991191339412685,-1.42142463656866,5.98219922647627e-07,-0.584305613621605,0.119085708877544
"ALOX5",-0.0164189442854834,0.955090334077495,0.411047282636595,0.00640684018063852,-0.263026847636017,0.122736095938504
"ANP32B",-0.232641892365917,0.697283845325082,0.202361473563666,0.434684224715709,-0.374832114514588,0.227051906254652
"APOE",-0.225403576081546,0.8735226922652,-0.107333696740583,0.87021835236716,-0.649859360254758,0.403202701843072
"APP",-0.486067254278661,0.136171984472557,0.0958159288518257,0.684785260985081,0.177305344375855,0.533777517694887
"AREG",0.0364241225416073,0.91505594754267,0.882169854738961,6.15450882574867e-05,-0.234996196600744,0.312944585261486
"ARG1",0.0364241225416073,0.913515625376704,0.643056248452033,0.00151821247103788,-0.234996196600744,0.286545614175071
"ARG2",-0.555157814571606,0.245772817158561,-0.358592652321203,0.228807230925844,0.251228235144646,0.502893276555392
"ARHGDIB",-0.190197917849693,0.755427506192914,0.0490010241993115,0.87020875846312,-0.372479290625575,0.276140740466959
"ATF2",-0.207596285980504,0.623637232983197,-0.303201825522622,0.109627764942037,-0.291742924955495,0.201067167462176
"ATG10",-0.0130846690704853,0.979282406704431,-0.517318379101052,0.0172593731220114,-0.36948559384394,0.181735771534874
"ATG12",-0.277245215569463,0.663507906137856,-0.00415381312521568,0.987086411198806,-0.190720031594369,0.587793331582121
"ATG16L1",0.0887115672819094,0.772308698099151,-0.0504434143888899,0.735875740841616,-0.304401647236458,0.0709899922857624
"ATG5",-0.199818700566368,0.623637232983197,-0.27744820094059,0.129741683186383,-0.0736105531712496,0.754638359980554
"ATG7",-0.532015270539262,0.0466565416730359,-0.444707204480167,0.0262077851242052,0.355151845807823,0.174434506392388
"ATM",-0.465823099889493,0.374142078229545,-0.75370815860164,0.0083322074279218,-0.774768494503846,0.035443086018191
"B2M",0.124441048492557,0.800778343321501,0.231042463404457,0.330902055601779,0.868349371190529,0.00282143098983375
"BAD",0.043805112660543,0.8668509266035,-0.146930201752713,0.203949260779151,-0.222495548322255,0.107181914360496
"BATF",0.0145012481108191,0.968749022672759,1.18503235064047,1.76021416962589e-09,1.15077774199203,4.42119882872075e-06
"BATF3",0.179843419422983,0.501980877855697,0.0643406282726149,0.642361368397373,0.492167132083376,0.0122661548148261
"BAX",-0.325387316957659,0.554509506481392,0.266572363290184,0.307939278804861,-0.108422697715037,0.751047789355185
"BCAP31",-0.180308062823306,0.720121820276414,-0.210134286734963,0.33969408129911,-0.0865816644002013,0.759683237706453
"BCL10",-0.0668498558647386,0.91505594754267,-0.0355886909917782,0.923189559500684,-0.158373335948255,0.730853416975535
"BCL2",-0.266040981492745,0.663507906137856,-0.580667850049529,0.0259411160835337,-0.133017978498685,0.70601592790847
"BCL2L1",0.353576625423047,0.705886639348719,-2.35052120537986,2.6985610713222e-09,-0.624723091185924,0.201262162728378
"BCL2L11",-0.144595435454036,0.780644341942661,0.14559125857758,0.548417799953398,-0.190565039165843,0.521893313900117
"BCL3",-0.43768374587539,0.264105258095833,-0.144313499613576,0.562714410046222,0.361049793269189,0.246046459194382
"BCL6",-0.659778449898678,0.245772817158561,-1.07704139648853,0.00118235098916237,0.472517333539384,0.283625149987293
"BID",-0.215794268593061,0.697283845325082,0.462296580252463,0.0539496667269599,0.339620656501655,0.248976951698456
"BIRC2",-0.21475294446924,0.697283845325082,-0.0448304322317838,0.861489372600605,-0.0176794407407872,0.957988894744875
"BLK",0.0458334812414414,0.857899432799957,-0.139344747795648,0.229798136282791,-0.24543121137105,0.0840102995200667
"BLNK",-0.00400331558855882,0.991191339412685,-0.532822559663813,0.00210765564682637,-0.0151879648226734,0.957988894744875
"BST2",0.190500784523733,0.755427506192914,0.934661379594719,0.000612913510308243,1.80250185739056,1.93100275028396e-07
"BTK",-0.0802947387393189,0.814824784577165,0.0903821463274257,0.604634888787901,0.0701879943858374,0.758298818436825
"BTLA",0.172810537408149,0.697283845325082,0.429886896502534,0.0347339184954586,-0.335215537840235,0.123187959514867
"C10orf54",-0.566952076513886,0.245772817158561,-0.25960379030816,0.391559256567066,0.486844787961454,0.189625382394128
"C14orf166",0.180543278998929,0.725843082053052,0.368928138799264,0.109627764942037,-0.196724384830715,0.490003669869731
"C1QA",0.177322263859304,0.692226375990242,0.602296691525651,0.00236573273633753,1.00112282689859,0.000970245255192744
"C1QB",0.352648305516013,0.241748734719049,1.2675411908043,3.36332742233789e-09,2.13996966891951,2.42467368517924e-11
"C1QBP",-0.205288896014856,0.739106756083347,1.03184149408027,9.77780757091994e-05,-0.131297973308346,0.710429857592931
"C2",0.0839868694410129,0.768162993472796,0.683477019143823,2.48044522990393e-06,0.819157943603392,7.21479100719873e-05
"C3",0.0364241225416073,0.8735226922652,-0.083906086344796,0.471863402111542,-0.234996196600744,0.091929627390645
"C3AR1",0.22544038164817,0.403953356117111,1.07901267255961,9.21181343987291e-10,0.616730348517589,0.00617959241338138
"C4A",0.104069563928032,0.720121820276414,0.808237598813842,2.45175020763174e-08,0.86000265480444,1.6136535084148e-05
"C4B",0.0556712768843575,0.857899432799957,1.10887302095489,2.39961463056698e-10,1.01746632911492,1.13346834334056e-05
"C4BPA",0.272900214861568,0.857899432799957,0.0370396000321485,0.95549563908466,-0.34300627337111,0.691061782514935
"C5",0.273377645625422,0.755427506192914,-2.28328322064167,3.77764029039155e-09,-0.325487033936181,0.513629743446038
"C5aR1",-0.385599009035984,0.50740669879819,0.600939091983369,0.0405442761157967,0.0470949785888886,0.910022184877583
"C6",0.0802477387106038,0.772308698099151,-0.0165680055276285,0.902018899520748,-0.234996196600743,0.119085708877544
"C7",0.0364241225416073,0.878247217548497,0.0839593227769457,0.559867610401252,-0.234996196600744,0.148449154874171
"C8B",0.0749006007231943,0.771122919108727,-0.0777010192829923,0.516847782776446,-0.234996196600744,0.095462356227702
"C9",0.197790277578473,0.56352670669101,-0.0813072730616078,0.617925914023474,-0.244366232084525,0.189625382394128
"CAMP",-0.547063147330575,0.288745072512231,0.496240413656762,0.136264342540591,0.597951689010533,0.140094555200653
"CARD9",0.0881240081394221,0.775610043705164,-0.0542903575086857,0.721066052781148,0.448457975856421,0.0360829396406893
"CASP1",-0.0946876209332519,0.8735226922652,0.999935703351627,0.00163714793803172,2.17260210408784,7.8807686669907e-08
"CASP10",-0.157869547184432,0.768162993472796,0.0892162868749624,0.730581750382116,0.83065953448273,0.00646936896882856
"CASP2",-0.117934396476293,0.79300285010971,-0.15373932396106,0.48445201722732,-0.161853586299185,0.557987523782724
"CASP3",-0.387639224517363,0.533856563014278,-0.023359680477963,0.93970505468717,-0.350928644750077,0.333665393158614
"CASP8",-0.280710812071609,0.663507906137856,-0.177898799402131,0.536244683686177,-0.0452891884761151,0.910022184877583
"CCBP2",0.0822840091556918,0.753589041466604,-0.14781099144876,0.203621773020103,-0.234996196600744,0.0923754262628964
"CCL1",0.043569684932014,0.8735226922652,-0.106944790458026,0.382761999367518,-0.294300094148586,0.047298472349587
"CCL13",0.106038973509738,0.705886639348719,-0.147050530917678,0.228044606974061,-0.23459310583618,0.107181914360496
"CCL2",0.111320984201543,0.739106756083347,0.791565686319571,1.62142151352922e-06,0.0709300835752744,0.725138181589529
"CCL20",0.0209841772029744,0.927129317237432,-0.258650069897432,0.0438614677032969,-0.354340583060479,0.0235939546277274
"CCL21",0.185136670155245,0.780781385994787,0.153570152271177,0.634045158380581,-0.207254855226912,0.586735875321894
"CCL22",0.104200669379537,0.697283845325082,-0.103733268319577,0.360408629322866,-0.188383118394017,0.168704419660512
"CCL23",0.130223533629693,0.645179872505579,-0.162928553881647,0.190970755991663,-0.275030917149996,0.0679386863160508
"CCL24",0.125024549540702,0.705886639348719,-0.280039143310875,0.0454566854067468,-0.366568633871879,0.0332767099889407
"CCL3",0.102414330529631,0.705886639348719,0.310032307673569,0.0131222280598142,-0.243221670987737,0.0923754262628964
"CCL4",0.0907003840452898,0.79300285010971,-0.219942155553974,0.190970755991663,-0.279358797535349,0.158329518053247
"CCL5",-0.0446363866786097,0.927129317237432,0.535709773143626,0.0625312398131323,-0.168954764226458,0.642197527604955
"CCL7",0.0133517577082216,0.960095166509319,-0.0695468579368308,0.592573467760893,-0.234278641881212,0.117874110879688
"CCL8",0.0961945612598347,0.746961826783903,-0.147810991448759,0.245081290410976,0.399122420419634,0.0384805632784503
"CCND3",0.254483606518003,0.554509506481392,0.133685952002544,0.516847782776446,-0.00652249386613768,0.98178592558606
"CCR1",-0.261684459114663,0.608201328705148,0.242079865104578,0.303994233268638,1.21740669511797,4.07988791744162e-05
"CCR2",-0.382715801766203,0.283089765046613,0.141976233708624,0.535592057920305,0.0784058110634342,0.790900732713422
"CCR3",-0.120365054516761,0.835466969755212,0.400958103447866,0.147813318363579,-0.416829310609065,0.189625382394128
"CCR4",-0.483515055181201,0.264105258095833,-2.11778915241462,5.86220155638574e-16,-0.762212963319697,0.0179571296375717
"CCR5",0.0240211584331345,0.972105794358769,1.15958042344656,0.000165687738597211,-0.165610980521065,0.682004559637638
"CCR6",-0.112297263042806,0.79300285010971,-0.751356350934282,2.54803184018114e-05,-0.698638485922352,0.00107662213775106
"CCR7",-0.17202311253924,0.697283845325082,-0.940813724384348,7.94726014915914e-08,-0.720999036480229,0.00052214402404612
"CCR8",0.0108352713640016,0.98126525277438,1.279046599396,1.80554696449035e-06,-0.267355964970375,0.324216140142633
"CCRL1",0.0364241225416073,0.9183206487893,0.823099055971452,0.000318928188192221,-0.234996196600744,0.334305270931142
"CCRL2",-0.464869349533071,0.554509506481392,-0.155007774901701,0.692785788839678,1.56951099381987,0.000729658541045715
"CD14",-0.240284943302155,0.721928894641095,-0.617431316101368,0.032443352614536,-0.983900782466255,0.00401634718656801
"CD160",0.0403016607279385,0.89483746133107,0.277804240756766,0.133129832502627,-0.314013523410036,0.117219305772342
"CD163",-0.301379881123387,0.449760133854395,-1.1531543014332,4.2262610717049e-09,-1.02877103026041,2.49961361122275e-06
"CD164",0.000863133538949512,0.998985660786889,0.37699458419374,0.128577154263535,0.726996006105441,0.0178390139729154
"CD19",-0.142310679293395,0.835466969755212,-1.17068562129939,2.59691555490383e-05,-0.924222766689953,0.00794222396897212
"CD1A",-0.144655719112424,0.752595743288337,-1.06120189826097,7.42469177829449e-09,-0.87253518154608,2.84725211741285e-05
"CD1B",0.0364241225416073,0.8735226922652,-0.114642711418797,0.313367605448662,-0.234996196600744,0.0916837468813799
"CD1C",-0.517768682586524,0.345251466000599,-2.48447997947985,5.86220155638574e-16,-1.77901777915297,1.93503273238957e-07
"CD1D",0.0668255655740948,0.8735226922652,-0.962936283801976,1.58812231530645e-06,-0.148648575831193,0.60146673528401
"CD1E",0.0364241225416073,0.8735226922652,-0.021085928906027,0.87237474356398,-0.234996196600744,0.112685904342687
"CD2",-0.153219352931298,0.79300285010971,0.177048080007321,0.536244683686177,-0.212888553972626,0.545067871815931
"CD207",0.0970377417114419,0.755427506192914,-0.250559359930224,0.0748501273771176,-0.320494167971172,0.062098613840019
"CD22",-0.0195880445332541,0.937595535975206,-0.363706354583102,0.00715236651547515,-0.313857891379799,0.0731206446120765
"CD24",-0.273835814970679,0.705886639348719,1.77351861767736,1.38740443718255e-07,0.46180824211127,0.264478472683708
"CD244",-0.194708246668825,0.731659107364509,0.252338123286626,0.327141180720204,-0.0427316628890155,0.909182914017704
"CD247",-0.395441410473451,0.401412595736254,-0.525118668492146,0.0405375351097555,-0.515394861745726,0.101471224324189
"CD27",-0.171243585234763,0.720121820276414,-0.213469762723829,0.319140006968799,-0.718858309627469,0.00242897868093748
"CD274",0.334924172973965,0.705886639348719,1.07124492874008,0.0047099756063541,3.05772644233922,8.14795655055331e-10
"CD276",0.0855276092367649,0.751955348779506,-0.14781099144876,0.205700714093462,-0.230876853790338,0.0988656157911162
"CD28",-0.479804912565378,0.176360997049295,-0.941933566200855,1.74405101938141e-05,-0.770461561761882,0.00553082087729813
"CD34",0.0364241225416073,0.8735226922652,-0.0731003304150031,0.535317027814299,-0.234996196600744,0.091929627390645
"CD36",-0.439865611091617,0.645179872505579,-0.491441225817574,0.243001028593445,-1.51052679314935,0.000463173300724592
"CD38",0.247841133787764,0.697283845325082,1.20069776159619,6.61347836793769e-06,1.0477529115925,0.00186132580273016
"CD3D",0.00139476885799361,0.998985660786889,0.740020392740671,0.0120901484443885,-0.262456985542984,0.484236738306388
"CD3E",0.0888509937320503,0.878247217548497,-0.180864736474714,0.592066817273385,-0.399312994803163,0.31857745125207
"CD3EAP",0.0979488922052685,0.705886639348719,-0.147810991448759,0.200450652380732,-0.234996196600743,0.0916837468813799
"CD3G",0.00668019172341872,0.991191339412685,0.422549072723985,0.15313485800968,-0.275099183934191,0.444770510191759
"CD40",-0.0434025095044479,0.886926273778227,-0.384785267886499,0.0207384410177149,-0.405605647691468,0.0523241038016707
"CD40LG",-0.271575186662245,0.604510542518953,-1.40637098128912,1.96308148019325e-10,-0.666456193885338,0.019363267118027
"CD44",-0.0172288913540459,0.972105794358769,-0.468292235441393,0.032443352614536,-0.129330745509309,0.65163018459689
"CD46",-0.294208372404533,0.622516540449997,-0.732037600435733,0.00357606899401613,-0.315314044417736,0.327718472334547
"CD47",0.134883318943849,0.79300285010971,-0.428069893781229,0.085426895086816,0.0540108192456596,0.876021258668988
"CD48",-0.113002531136617,0.835466969755212,0.00532413813688493,0.982339037047875,0.261093859768859,0.405003909697537
"CD5",-0.357300664058001,0.300588487877189,-0.669923915639605,0.000687503967849203,-0.442608875410604,0.089852508701705
"CD53",-0.32110155620248,0.584507233659102,0.545885893115607,0.0419727305539074,0.75616976645286,0.0265690086618598
"CD55",0.0968272497892428,0.8781940498964,-1.35108159376439,3.26466407164378e-05,-0.23195407933768,0.59403794366944
"CD58",-0.370208982699152,0.554509506481392,-0.230986861051434,0.437229466338445,-0.409411480018269,0.255583922357121
"CD59",-0.147493479197314,0.780781385994787,-0.0195667223888716,0.93970505468717,0.103799517706467,0.749816768318704
"CD6",-0.159016708229487,0.79300285010971,-0.324239533727093,0.241951361330387,-0.236611081382623,0.497338163512506
"CD68",0.152218916982415,0.772308698099151,-0.272088666331673,0.249336088281598,0.643668846008973,0.0365511250670549
"CD69",0.240480741184714,0.509659252054535,0.503484704991521,0.0054549518385603,0.536990241881557,0.0363250620824967
"CD7",-0.269322148708479,0.630777734134721,0.173787245304236,0.495763748144191,0.0203218178530786,0.957988894744875
"CD74",0.205701071444164,0.663507906137856,-0.106112601990265,0.614515053504789,0.5953848943076,0.0205867869599087
"CD79A",-0.243790865815965,0.720121820276414,-0.968512791912525,0.00032239563074334,-0.683212851109401,0.0523241038016707
"CD79B",0.131374148879833,0.768162993472796,-0.34603283886222,0.0743756940341948,-0.442128358695182,0.0612212720875563
"CD80",0.177152680650785,0.610767454226977,0.0456826563528079,0.788628916747589,0.302805970286268,0.163935950328037
"CD81",0.0371491243902522,0.938243464239939,0.210839197915497,0.444957422048325,0.79810707951361,0.0212654791243053
"CD82",-0.461588222344852,0.311874932348803,-0.125342406443581,0.661732354586601,-0.638371839900886,0.0591645168372051
"CD83",0.22000799024895,0.357808942480682,-0.0370181280918365,0.800119246729048,0.197078675209861,0.284763043306362
"CD86",-0.132980483909042,0.755427506192914,0.205991602480101,0.299726972405145,0.589628035397458,0.0229392567866902
"CD8A",0.283015281991799,0.755427506192914,0.903669905418827,0.0300771551181006,0.010375763716346,0.984084544826234
"CD8B",0.0466850191109733,0.927378252273479,1.30888995786508,1.83550826353876e-05,-0.348336017998045,0.331604499767266
"CD9",0.221842590115873,0.753589041466604,-1.95048481170707,2.39961463056698e-10,-0.643126388013014,0.0916837468813799
"CD96",-0.226769028717976,0.752595743288337,-0.538946051546445,0.0856208442786395,-0.869984801236489,0.0221072406211098
"CD97",-0.216167758975526,0.720121820276414,0.343318908717713,0.206933659652736,0.916231931172829,0.00598846768920912
"CD99",0.251273642688869,0.645179872505579,-0.469470610921556,0.0483671148610347,-0.109165598140354,0.728816751980834
"CDC42",0.154005213395664,0.79300285010971,-0.466476931311409,0.0829927931255615,-0.245912512648372,0.462261167869374
"CDKN1A",0.408478017248109,0.462657535282572,-0.0802734087203474,0.788628916747589,0.659985767648816,0.0751387342707315
"CEACAM1",-0.010625470082906,0.979282406704431,-0.264472124719928,0.147716043636128,-0.0150529317091808,0.957988894744875
"CEACAM3",0.123555330502701,0.645179872505579,-0.14781099144876,0.212954601612462,-0.234996196600743,0.0988656157911162
"CEACAM6",0.0643759915070943,0.835987933244998,-0.25812108336703,0.0686542486222432,-0.360795101472495,0.0363250620824967
"CEACAM8",-0.777233376353191,0.103852014212654,-0.714204751088893,0.0323738096013735,0.0559982250448865,0.909182914017704
"CEBPB",-0.237890927723784,0.725843082053052,0.926195673282061,0.00156748270854867,1.1221368408216,0.00264526122925006
"CFB",0.14626940916861,0.741446663713489,0.870284212295817,5.84725143348157e-05,-0.141788012146297,0.557987523782724
"CFD",-0.250418451941087,0.720121820276414,-1.32093317669524,6.46054066576309e-06,-0.290695133214566,0.44993994986295
"CFH",0.0951218934824665,0.753589041466604,-0.0534957186279765,0.703940164619451,-0.311670052742046,0.0523294937025724
"CFI",0.116272574745287,0.720121820276414,0.00968534613596717,0.949280887368564,-0.31227126007085,0.0675758057373846
"CFL1",-0.184648993485739,0.774299867671589,0.722441522840304,0.0129768382528909,0.26354932290648,0.481550721242716
"CFP",-0.348112648312005,0.602895529297258,-0.32824517971517,0.268178832262374,0.332384661716347,0.370241298375989
"CHUK",-0.137274795994649,0.751487855468293,-0.00445860475481474,0.98202076507519,-0.140687902714231,0.555861640310949
"CIITA",-0.208198131954614,0.746038812642481,-0.257476153658184,0.349509401462338,0.569386389696318,0.107181914360496
"CISH",0.0891979093555628,0.755427506192914,0.201758937479687,0.143271543729874,0.22379901164469,0.2040267909165
"CLEC4A",-1.0378374096502,0.0185384205191757,-0.546935188425852,0.124917309866852,-0.560946733912338,0.1881013899145
"CLEC4E",-1.29974930668041,0.00393236088271799,0.0899041168350294,0.826701174271295,-0.226704400406692,0.651165676229712
"CLEC6A",-0.0232975320391455,0.944444320990757,0.601693277122144,0.00236573273633753,0.0555799641508239,0.834554526917214
"CLEC7A",0.211993716162215,0.772184372243449,-0.537703210005176,0.1044473104852,1.48400129089211,0.000242675339190372
"CLU",0.303092547908573,0.705886639348719,-0.0586603892127524,0.87237474356398,-0.103302567948306,0.825160583425174
"CMA1",0.139649189535857,0.774299867671589,1.99060536757284,4.3108221108791e-13,0.00631575354755132,0.98375886793321
"CMKLR1",-0.0696218205721566,0.8735226922652,-0.123382337294012,0.609725553685957,0.102513829807482,0.753885380552473
"CR1",-0.145330306399709,0.758843538608576,-0.297790755105492,0.182309678649212,-0.601718861740362,0.0178390139729154
"CR2",0.02153319141369,0.916377969610691,-0.123973060663885,0.289831326415621,-0.262169517562897,0.0684385908617276
"CRADD",0.063823563547829,0.79300285010971,0.0542442760984496,0.644090740196016,-0.208563127181782,0.116753899752963
"CREB1",-0.477649389013285,0.225322513344726,-0.902046801988455,0.000112471667537945,-0.213016297441477,0.491491348008503
"CSF1",0.171614508202261,0.663507906137856,1.21362815622874,1.0290161145043e-09,1.49737088403121,1.95428054141681e-08
"CSF1R",-0.236938378378321,0.752619928358598,-1.51429019480179,2.61049650647187e-07,0.75935034289803,0.0764576548748545
"CSF2",0.0364241225416073,0.8735226922652,-0.0235846465940428,0.863416960384489,-0.234996196600744,0.117951916258367
"CSF2RB",-0.253389388902258,0.697283845325082,-0.536216230721647,0.0494078796066956,0.786523099448037,0.0342406924211715
"CSF3",0.103044273480948,0.725843082053052,-0.182607437626394,0.160855740498612,-0.324439868033848,0.0376526364312099
"CSF3R",-0.439628147181487,0.543229121059369,-0.0817624198638143,0.823559754266201,1.09356529765445,0.0111661831650194
"CTLA4",-0.124860096901843,0.835466969755212,1.9166900600881,9.64284458694636e-10,-0.271925990077341,0.440998393828301
"CTNNB1",-0.112667034119406,0.827149231425004,-0.290304736597228,0.209776923209029,-0.347390839956369,0.216238283318452
"CTSC",-0.0713449986814716,0.8735226922652,1.69664053469929,6.45588344575193e-11,0.519903421142543,0.093941048968087
"CTSS",0.104239311124058,0.8668509266035,-0.182292041993138,0.514196303083697,0.705384501616356,0.0425841625060634
"CUL9",0.0506152039219279,0.8735226922652,-0.233497078066345,0.093433100121233,-0.171711695711454,0.320027310795775
"CX3CL1",0.0918380888110351,0.725843082053052,-0.147810991448759,0.205700714093462,-0.234996196600743,0.0948794410503152
"CX3CR1",-0.0187414179962708,0.984941834932438,-1.25383141850327,0.00202295666941001,0.453749385706359,0.405986607844406
"CXCL10",2.05775290674857,2.07905226857316e-07,4.86451730332404,1.07253992652641e-24,6.73791977624055,5.51040932015805e-23
"CXCL11",0.196419343433628,0.610767454226977,2.07141079754203,8.48011509952355e-17,0.822648165618296,0.00282143098983375
"CXCL12",0.0805518556603886,0.79300285010971,0.110074307963411,0.457338232994975,0.496412252698382,0.0229392567866902
"CXCL2",0.0364241225416073,0.8735226922652,-0.107892698424035,0.348882973541206,-0.173287401746041,0.215822737982003
"CXCL3",0.00340325251713924,0.996321733261222,-0.253329319802781,0.403536553726146,0.6345026439984,0.101485429886421
"CXCL5",0.139557147496347,0.663507906137856,-0.0859665274970363,0.539756032533579,-0.306848025340104,0.0669075423854629
"CXCL6",0.0440752353171607,0.8735226922652,0.162333149464184,0.287684333890655,-0.269560897271766,0.117652467213898
"CXCL9",0.0364241225416073,0.878247217548497,0.0511585163272406,0.728222278584426,-0.232067529588183,0.14716393664329
"CXCR1",-0.980367923609954,0.0385484763733742,-0.74796148379267,0.0350869742917279,0.539803851444647,0.226632200377162
"CXCR2",-0.935965791136253,0.0520659187096621,-1.11074044345346,0.00129335204002002,0.407043118546166,0.371025902910019
"CXCR3",-0.10130975146615,0.79300285010971,0.544618731993011,0.00480779678517976,-0.322145508194725,0.139245105695916
"CXCR4",-0.379522130284165,0.433643552873781,-0.70297678497715,0.00446697313260406,-0.175495686158481,0.592682934676062
"CXCR6",0.0330121299965045,0.913515625376704,0.967218599876364,5.98952472712832e-07,-0.271157673361375,0.167297686103167
"CYBB",-0.0214728336063033,0.972105794358769,1.20358891250348,1.31939589378216e-05,1.89792099047445,5.03762292911458e-08
"CYSLTR1",0.018697508232548,0.959604885124821,0.21552276463255,0.229798136282791,0.1683821917873,0.479419023311396
"CYSLTR2",0.0633269516483121,0.8735226922652,0.457235743630449,0.0241683619795206,-0.266425430701034,0.228627475627299
"DAXX",0.0058568229732483,0.991191339412685,0.0501455098935173,0.817894575443177,-0.229106795088378,0.339567637203016
"DDIT3",-0.0105601533379396,0.978564029707026,0.927042680394615,5.15373130446839e-07,1.04840472347798,1.52467154662561e-05
"DDX50",0.396190475501857,0.523609469309579,-1.7698515804881,1.4513884967727e-09,-0.164149809118729,0.669655211127303
"DDX58",1.57134008255701,0.000282813378201105,2.13441658769189,1.601759214626e-08,4.06315618124621,1.03605686994972e-14
"DEFA1",-0.0724524518863694,0.878247217548497,0.193345422403493,0.489398113906191,-0.357261126676315,0.252970643486959
"DEFB1",0.0905036509257888,0.731659107364509,-0.114636879955453,0.323709172382847,-0.234996196600744,0.0936174344385469
"DEFB4A",0.0364241225416073,0.8735226922652,-0.0064849431050531,0.95549563908466,-0.234996196600744,0.0998451763378474
"DOCK9",0.0816708694937684,0.857899432799957,0.882453639966909,6.37709796924633e-05,-0.171471704530971,0.502893276555392
"DPP4",-0.399172504697223,0.357808942480682,-0.0277703339575552,0.917556453473184,-0.581703084065134,0.0622214994881973
"DUSP4",0.156006774869891,0.647942881976965,1.42956816160113,6.56051057397809e-13,-0.21886254901178,0.22200847872943
"EBI3",0.101165716407857,0.705886639348719,-0.161117966955072,0.173943640847385,-0.213682739348425,0.126790583419316
"EDNRB",0.112205617425343,0.679106580122456,-0.126122238663985,0.269751725320092,-0.234996196600743,0.091929627390645
"EGR1",0.713612222463087,0.0625382307318402,-0.111218639944689,0.673716143252355,0.903742562316287,0.0201196349103657
"EGR2",0.494377518541716,0.0777689356485325,0.162532408504005,0.403064140906105,0.713195769402613,0.0181250757532418
"EIF2A",-0.205769242814165,0.705886639348719,-0.207187591986857,0.380059185983599,-0.436424324228479,0.122736095938504
"EIF2AK2",1.22698401830377,0.00174479861190934,2.41837335566709,4.13329960287314e-12,3.30480354857486,8.73468478048371e-14
"ELK1",0.0660351864075857,0.79300285010971,-0.168343307511637,0.164342359082123,-0.2652969565239,0.0706931524149247
"ENTPD1",0.158605596388849,0.630777734134721,0.482388316415303,0.00160697592796861,-0.0463042190031837,0.813852558069977
"EOMES",-0.272844813062408,0.509659252054535,0.118888001441997,0.585657982895298,-0.737198073600773,0.00141824125115245
"ERCC3",-0.081102583788053,0.857899432799957,-0.0474901201503748,0.823559754266201,-0.31852309950767,0.188188870016093
"ETS1",-0.103970804900882,0.8668509266035,-0.254013068601926,0.349509401462338,-0.65780591887995,0.0520203650277857
"EWSR1",0.0841069001446719,0.872662221749789,-0.242871691711072,0.285767876664847,-0.0353657939914989,0.911778914644294
"F13A1",0.0844338968503919,0.878247217548497,-2.15842827153661,2.6099567129381e-12,-1.07713695847135,0.00282143098983375
"FADD",-0.0523048612487962,0.8735226922652,0.500528452457277,0.000966890740007157,-0.0104315344336445,0.961158408098353
"FAS",0.0581350884965275,0.907360807478219,1.43015037744778,2.38047013693949e-07,2.23583958952207,1.86688431584172e-10
"FASLG",-0.0958397253378678,0.857899432799957,0.362389263392951,0.147813318363579,-0.00872395504889223,0.98178592558606
"FCAR",-0.974787563638443,0.0466565416730359,0.787103991623693,0.0383959820291836,0.61754498372073,0.187921089757793
"FCER1A",-0.188131071842243,0.804394248332879,1.9692309257994,2.62844136917205e-07,-0.237760015181825,0.612142846569103
"FCER1G",-0.18796810013553,0.755427506192914,0.464918157178458,0.0979099893711357,0.684056892656763,0.0520643090167902
"FCGR1A",-0.506368025175441,0.401412595736254,0.686540821567652,0.0402938423084346,2.13356584498413,2.28437960435592e-07
"FCGR2A",-0.409700436148585,0.608201328705148,-0.365369606404743,0.304968892332518,1.05631732453974,0.0205297626881919
"FCGR2B",0.243883624710575,0.610767454226977,-0.262892166778714,0.205700714093462,0.809607036601541,0.00335851399553755
"FCGR3",-0.248696712947602,0.713623050930752,-0.139225641905474,0.650269113253075,1.00659395251081,0.00704677941402326
"FCGRT",-0.636759573516565,0.0629171083877702,-0.993819375426992,3.29248158806302e-05,-0.935797235328507,0.00141824125115245
"FEZ1",0.177935816694993,0.457037513445259,-0.150165292659051,0.220056808874576,-0.22642789713123,0.119085708877544
"FKBP5",-0.341298291727609,0.509659252054535,1.1446046216997,5.19380246488125e-06,0.760196933143828,0.0186816054509558
"FLT3LG",-0.235027979048709,0.645179872505579,-0.655307680693319,0.00236573273633753,-0.270263187662691,0.330493338208254
"FN1",-0.245981379664446,0.720121820276414,-0.949983996098489,0.000817754747381311,-1.04333604782808,0.00309542759882399
"FOS",0.522342251990972,0.553119967822573,-1.39252115845193,0.000307911334223501,0.387559072527035,0.452183156713796
"FOXJ1",0.152318626583257,0.56352670669101,-0.147810991448759,0.228660316214182,-0.234996196600743,0.108734827918959
"FOXP3",0.100427987829679,0.705886639348719,-0.1396321473575,0.2306594643664,-0.234004964239155,0.096329610333229
"FPR2",0.0698797103708921,0.8735226922652,2.42318743213124,8.30270993459585e-18,0.909596569615329,0.00332638731293449
"FUT5",0.101318784963778,0.705886639348719,-0.147810991448759,0.203621773020103,-0.223239719676387,0.107181914360496
"FXYD2",0.0334101462494729,0.8735226922652,-0.164841748879409,0.157256497573667,-0.227364427259905,0.101471224324189
"FYN",-0.125499927809379,0.835987933244998,-0.377473849176502,0.182309678649212,-0.498902322527609,0.138793677547877
"G6PD",-0.0356512050571567,0.923251980375881,-0.240338090767627,0.243416683941328,-0.217104551998364,0.40931556983531
"GBP1",1.27004196967749,0.0155360470524771,3.66135431555914,1.95160783385196e-15,5.14479085906301,1.50940006472737e-17
"GFI1",0.138775536573827,0.641938237818872,-0.119100968896295,0.35819172952258,-0.268976804742189,0.089852508701705
"GNAQ",-0.439844574430021,0.264105258095833,-0.902754151143714,9.18643834555948e-05,-0.545567016057015,0.0706931524149247
"GNAS",0.284042292895036,0.663507906137856,-1.22618810535714,5.61174528966832e-06,-0.295307845124951,0.403202701843072
"GNB1",-0.0653284254765865,0.890643347212192,-0.460901969959185,0.0833244869259833,-0.190070614162387,0.567146074504074
"GNGT1",0.0796429389423157,0.761101065828105,-0.187845711998011,0.117191051864651,-0.275030917149996,0.0612212720875563
"GNLY",-0.108678250150307,0.8735226922652,5.03896551243852,2.89758768684869e-24,-0.164277544190583,0.725138181589529
"GP1BB",0.0305450021418867,0.96727962364114,-0.722886575801621,0.0241628408798649,0.0441579092264206,0.928175937461687
"GPI",-0.159584902881758,0.79300285010971,0.331969957402341,0.245081290410976,-0.116984578288809,0.753393174493203
"GPR183",-0.124914237383669,0.834758205249315,-1.22103509355257,1.13830031089527e-06,-0.657558819391339,0.0458233368082447
"GRB2",-0.156815786310526,0.753589041466604,0.0512957385193573,0.82636159940043,0.280863162401417,0.299866980842566
"GTF3C1",0.184529318999363,0.392152228595849,-0.168124328283804,0.15539166790778,-0.194193666080435,0.170994039240835
"GUSB",-0.175614255233433,0.63728755907119,0.231945097385031,0.196277690030709,-0.300792720401452,0.139226973851768
"GZMA",-0.310062166994335,0.725843082053052,4.18801099555185,2.7087550439631e-18,-0.206043268071295,0.691194596042284
"GZMB",0.163037919263601,0.858748930933274,1.66902988024754,3.6284824673528e-05,0.0423854040776792,0.949153878934394
"GZMH",0.298497247365873,0.697283845325082,1.08233498690424,0.000422556625344859,0.0232809474321787,0.957988894744875
"GZMK",-0.161575894607259,0.851852333087867,0.58214772176882,0.134131082323404,-0.84465852064613,0.0706931524149247
"GZMM",0.0541580993107038,0.834758205249315,-0.147752940414157,0.201749637554689,-0.212316403513734,0.1213090143397
"HAVCR2",0.0453394673839096,0.8735226922652,1.66132035150691,4.12250268987024e-17,0.194956155201353,0.30877844930958
"HDAC3",0.00411341624019279,0.991191339412685,0.0719439524576604,0.737051167589504,-0.305160509321709,0.21571163110203
"HDAC4",-0.570911020860839,0.0520659187096621,-0.0436526504289771,0.861489372600605,0.456435708880536,0.119357261422977
"HFE",0.0647765698266181,0.820382663625242,-0.0728596615299901,0.593894430974387,-0.316290905815873,0.047298472349587
"HIF1A",-0.190631733333575,0.758409584423432,0.949553740010519,0.00066775477721066,0.0226766903923696,0.957988894744875
"HLA-A",0.10791349339906,0.895426393417608,0.780481832820513,0.100080299308641,0.90410824875409,0.117219305772342
"HLA-B",0.141735057758693,0.834758205249315,0.36757292464732,0.228807230925844,1.09233396193082,0.0032803517366516
"HLA-C",-0.18251665965597,0.739106756083347,0.412159601579188,0.097770386459347,0.849009864399344,0.00604679812937616
"HLA-DMA",-0.131118439555106,0.834758205249315,-0.0159402731097273,0.95549563908466,0.518770580755977,0.128743062422863
"HLA-DMB",-0.0773487470530201,0.8735226922652,-0.179548697647451,0.4478132274658,0.647557569645159,0.0417021406568672
"HLA-DOB",0.202875126086521,0.645179872505579,-0.150690352470393,0.432875319697742,-0.0426776814259577,0.877396097665879
"HLA-DPA1",0.0867509331794381,0.895426393417608,-0.268431733895405,0.480413423429642,0.683309071125361,0.14031102537149
"HLA-DPB1",-0.024653919514904,0.964546574765092,-0.428235602903804,0.0979099893711357,0.355774055560609,0.263970482288979
"HLA-DQA1",-0.408677039597963,0.663507906137856,-1.57712220688465,1.92892553281167e-05,-0.861343611109841,0.0823025163758588
"HLA-DQB1",0.1482500381882,0.780781385994787,-0.282040251579943,0.240816152524849,0.349861248795407,0.264478472683708
"HLA-DRA",0.0188433042318188,0.979282406704431,0.0589890555798274,0.867441983584572,0.530127457839605,0.189625382394128
"HLA-DRB1",0.182659522653564,0.755427506192914,-0.300578668900298,0.245081290410976,0.394821901691287,0.217009430337703
"HMGB1",0.0401814948509696,0.963079998420614,-1.99395701863775,2.24625063503795e-07,-0.60146361834704,0.21301687707811
"HMGB2",-0.23710937878209,0.697283845325082,1.46193087612066,4.08386771355214e-08,-0.0335112033820399,0.93031666670597
"HMGN1",0.142768261952435,0.751955348779506,0.516825800704826,0.0129768382528909,-0.254355392470833,0.267428746817412
"HPRT1",-0.00559392964779626,0.991191339412685,1.51703260028479,1.05599351939772e-08,0.187246149652118,0.570059210329656
"HRAS",0.07936149445952,0.758409584423432,0.300702873426517,0.0157336375612519,-0.161422824576642,0.267883026299671
"HSD11B1",0.0364241225416073,0.8735226922652,-0.122276374771801,0.277582078282649,-0.234996196600744,0.089852508701705
"HSH2D",0.33370379085844,0.544363107511604,0.249669593092237,0.333261150098568,1.01274720388772,0.00352409801820031
"HSPB1",0.0723425555285377,0.851852333087867,0.216585221857911,0.22729089665004,0.714431173890094,0.00704677941402326
"HSPB2",0.126426649447478,0.644671814837791,-0.14522643926755,0.224529327016469,-0.201642486339344,0.158329518053247
"ICAM1",0.0642561789110134,0.878247217548497,0.315710027399667,0.195111363304939,0.266767267537329,0.379111225028499
"ICAM2",-0.366871840322963,0.373566378017962,-0.863834905075574,9.77780757091994e-05,-0.18316844459606,0.533777517694887
"ICAM3",-0.228698766922582,0.697283845325082,-0.406367627951865,0.109627764942037,-0.242924880859276,0.445759762686851
"ICAM4",0.212303550114559,0.79300285010971,-1.48933239260697,2.17479824120681e-05,0.0321008872010111,0.957988894744875
"ICOS",-0.0733434887728368,0.878247217548497,1.10734967355746,5.44542097065222e-05,-0.236737958976043,0.490003669869731
"IDO1",0.409359925683804,0.45370073502419,1.93226134521353,6.45588344575193e-11,2.47631215477619,8.64147579347524e-12
"IDO2",-0.809808059496583,0.0466565416730359,0.299720264907622,0.361321518341247,1.58656358364141,0.000124080635606249
"IFI16",0.209802027795407,0.79300285010971,0.86007898348227,0.0245894910842581,1.7192752731824,0.00028232166030417
"IFI35",0.801522651948904,8.11219560684421e-05,1.37042743086793,3.91913739278928e-12,2.44639199108855,7.72551715008482e-16
"IFI44",2.39409550489734,6.66416162549319e-06,3.62137333352112,4.3108221108791e-13,5.46086165672724,5.82753252869841e-16
"IFIH1",1.1693327739393,0.00766827439042291,2.19383287786877,1.4299587053373e-09,3.90872981311748,1.78428574385606e-15
"IFIT1",2.1684990544176,7.26561829887934e-05,3.04379136385123,6.03653764849182e-10,5.03930342151536,1.45078393314691e-14
"IFIT2",1.9650984213746,0.000464952461478255,2.67959345108263,3.77495300980593e-08,5.11928171828858,1.77275132390112e-14
"IFIT3",2.20810202448939,7.26561829887934e-05,3.38959301679786,3.38408066144126e-11,5.35433291327026,3.10542811681219e-15
"IFITM1",0.230662059308642,0.754038771332221,1.03909666468096,0.00108117104651837,1.79014739507109,6.65933110501026e-06
"IFNA1/13",0.0409847838494173,0.8735226922652,-0.141696559901777,0.220056808874576,-0.264986116568622,0.0612212720875563
"IFNA2",0.16600272612603,0.554509506481392,-0.0816444067271744,0.538333740176089,-0.291154596279855,0.0669075423854629
"IFNAR1",-0.46932545941296,0.169306581282482,-0.931806644350409,1.06714535234527e-05,-0.521428963271256,0.0669075423854629
"IFNAR2",-0.643513699119767,0.0897809486488069,-0.378387807359679,0.176395429798592,0.633579972413738,0.0776271682280765
"IFNB1",0.0629161437122976,0.8735226922652,1.37151790653769,2.85105025380599e-07,-0.0502025479505477,0.871399306284313
"IFNG",0.290006484787386,0.182231869498197,0.678188822205196,4.88021468033815e-06,-0.18038679102575,0.278722924014904
"IFNGR1",-0.817474307800254,0.0848188160999228,-0.459726582409321,0.184895519175682,0.064171106418133,0.897253051411568
"IFNGR2",-0.263563520470617,0.692226375990242,0.0151397891549152,0.95549563908466,0.786262623328966,0.026486949616469
"IGF2R",-0.528713089790113,0.426658719643162,-0.585151481121747,0.1044473104852,0.762111523242996,0.091929627390645
"IKBKAP",-0.23994222361885,0.604510542518953,-0.588612009633213,0.00247007947322164,-0.39667080941585,0.114426370628024
"IKBKB",-0.535889662989513,0.138630501275874,-0.561231952786551,0.0214275432721891,-0.311553598488997,0.31759709579988
"IKBKE",0.155533532677922,0.755427506192914,-0.395640101350537,0.065519495988482,-0.172045183811746,0.543000405124778
"IKBKG",0.0347706125335359,0.8781940498964,-0.0858777958968799,0.500498651270515,-0.0455723737417379,0.785731063127821
"IKZF1",-0.248445323560722,0.697283845325082,-0.268414949199492,0.329641818528096,-0.100954238441146,0.776408555341085
"IKZF2",-0.313432509370037,0.608201328705148,0.423169732455717,0.143092074966301,-0.504936758320372,0.123187959514867
"IKZF3",-0.246159417835635,0.739106756083347,-0.469570372056697,0.147813318363579,-0.444850533404974,0.254253871546708
"IL10",0.0364241225416073,0.8735226922652,-0.12390456415284,0.268586692900967,-0.234996196600744,0.0889415528256515
"IL10RA",-0.400666912943288,0.345401949667489,-0.126229077970349,0.6190810650557,0.522527821901152,0.0916837468813799
"IL10RB",-0.372571817253105,0.350149595055279,0.0559819244394113,0.823338406768092,0.338935942545406,0.233249133212201
"IL11",0.105886225461422,0.697283845325082,-0.135525301166864,0.243001028593445,-0.234996196600743,0.095462356227702
"IL11RA",-0.0682346027513132,0.8735226922652,-0.967436486982565,3.04909725526739e-06,-0.450896416028794,0.0982275792796485
"IL12A",0.149156262570615,0.600589842620408,-0.171607424376094,0.173018362376156,-0.235078173364216,0.115739043484406
"IL12B",0.17305657836329,0.629729178246573,-0.246005157084157,0.109627764942037,-0.228162341298222,0.217565625135492
"IL12RB1",0.12406099385648,0.751955348779506,0.658181339105722,9.77780757091994e-05,0.714357441341963,0.00141824125115245
"IL12RB2",-0.380913919168023,0.350600114126239,0.157954085576779,0.534742561361819,-0.553015287502564,0.0624927444584523
"IL13RA1",-0.55141158101272,0.220281487445438,-0.150593556495091,0.607472229098059,0.671682437328109,0.0669075423854629
"IL15",-0.358576157448572,0.471538474746314,0.780423854621913,0.00273766913980714,0.318186813493083,0.339309052903015
"IL16",-0.651270581160377,0.0385484763733742,-0.628728599386399,0.00614337884057446,-0.545424010005631,0.0669075423854629
"IL17A",0.119018405964177,0.697283845325082,-0.0654455853260609,0.622245913080422,-0.242802323072453,0.111735221585369
"IL17RA",-0.535991745314453,0.263617005963723,-0.577623398162688,0.0448304632307563,0.495626061406082,0.170944637410164
"IL18",-0.150779935321713,0.79300285010971,0.610454571902213,0.0402502029875885,-0.603146085236177,0.0669075423854629
"IL18R1",0.0687008930170139,0.79300285010971,0.828386998064699,3.99800709480403e-08,0.381321601654856,0.047298472349587
"IL18RAP",-0.0984178526920685,0.857899432799957,1.56909904036243,3.79105974380279e-08,1.96889789308631,1.44507381093947e-07
"IL1A",0.0364241225416073,0.901460063025288,0.230366679928371,0.199645971504722,-0.234996196600744,0.236835003922296
"IL1B",-0.0981939586580527,0.8735226922652,-0.560804663997974,0.0413148378147823,1.25914264147544,0.00052214402404612
"IL1R1",-0.657074538816086,0.103852014212654,-0.248085718550132,0.40506450859596,-0.341825017928533,0.351354816962683
"IL1R2",-1.36140231551144,0.0436679360395695,0.661989441892759,0.212540763699234,-1.67812474268985,0.00476397346362504
"IL1RAP",-0.672210054393384,0.188620026432907,-0.367666962247808,0.268586692900967,0.603517932198471,0.14105692960163
"IL1RL1",-0.0276715951216797,0.895426393417608,0.215933005070251,0.0979099893711357,-0.376418586764684,0.00763072836796431
"IL1RL2",0.0564745618532712,0.878247217548497,0.956590295686491,9.07530107887596e-05,-0.249728309395805,0.327339788204409
"IL1RN",0.222493257393048,0.739106756083347,0.0658850193708238,0.826701174271295,1.83487601633766,1.47159013299877e-06
"IL21",0.0364241225416073,0.8735226922652,-0.0554877918899264,0.640680372511558,-0.234996196600744,0.0906336800162151
"IL21R",-0.0284003088324374,0.919332995970024,0.0218029287186807,0.900826935355417,-0.239879342667481,0.216580896929978
"IL22RA2",0.0364241225416073,0.91505594754267,0.78423990386762,0.000369567586592056,-0.234996196600744,0.319584358458988
"IL23A",-0.0544769575600599,0.857899432799957,-0.0737443602122818,0.607472229098059,-0.328740161346651,0.0479946136138501
"IL23R",0.13382074547092,0.630777734134721,-0.160346222485771,0.195111363304939,-0.249728309395805,0.0923754262628964
"IL26",0.0364241225416073,0.8735226922652,-0.0672865280437485,0.585657982895298,-0.234996196600744,0.0998451763378474
"IL27",0.0940092196004558,0.725843082053052,-0.175383199200366,0.138193445155365,-0.256238090487709,0.0746132385762942
"IL28A",0.099049978651113,0.720121820276414,-0.159357188781303,0.182309678649212,-0.250933674135402,0.083500124660197
"IL28B",0.238670144787084,0.19866844786464,-0.151686147065952,0.193474015366714,-0.134592110893966,0.345693318128573
"IL29",0.258358003232741,0.509659252054535,-0.591596704910937,0.000427389114487047,-0.444830634015605,0.0416977312627523
"IL2RA",0.061019437948957,0.838817653636595,0.794522945703766,5.71381299801184e-07,-0.234996196600744,0.154720963718392
"IL2RB",-0.550586215136262,0.264105258095833,0.362873727708253,0.240973304443464,-0.493005963922164,0.17728568409261
"IL2RG",-0.459542002350897,0.446016394928479,-0.114739362072736,0.735142191591548,-0.413512426603367,0.284763043306362
"IL3",0.0856820612821609,0.752595743288337,-0.111612714948272,0.344049050354458,-0.234996196600744,0.0982275792796485
"IL33",0.115893977367755,0.79300285010971,0.968944521519894,5.84725143348157e-05,-0.24951829240436,0.320850071924982
"IL4",0.241490523894657,0.300588487877189,-0.107157837973662,0.43237410510383,-0.191078005245048,0.244270778706714
"IL4R",0.0524815601995865,0.835466969755212,0.107993383088027,0.360408629322866,-0.115375236793583,0.426727031578413
"IL5RA",0.125873625468222,0.755427506192914,0.605442138440182,0.00239596163488058,-0.235099829790273,0.283625149987293
"IL6R",-0.574153092137622,0.225322513344726,-1.25037575767417,5.2026291636097e-06,-0.220153209151424,0.557987523782724
"IL6ST",-0.261865022067822,0.604510542518953,-0.894368947681576,2.47747293698016e-05,-0.470227057315061,0.0916837468813799
"IL7",-0.224196741740055,0.744150215141113,0.083116991198021,0.797355365739122,-0.49747924791845,0.163086349051595
"IL7R",-0.311294621558298,0.679106580122456,-1.65720455119567,7.90277857871597e-08,-0.800903406505892,0.0425841625060634
"IL8",-0.167764698287138,0.8735226922652,-0.919213771512911,0.0634359616867068,0.0878092196981672,0.903768884292428
"IL9",0.0364241225416073,0.886926273778227,0.12701757624895,0.398148614330671,-0.234996196600744,0.170944637410164
"ILF3",-0.17816914408814,0.746038812642481,0.0744815828364658,0.770071958422717,-0.150169839586818,0.621379937317362
"IRAK1",0.0791694984678415,0.835466969755212,0.300954137842415,0.0973254540932911,0.253983661213937,0.27013831822475
"IRAK2",0.150735000617694,0.554509506481392,0.34725080592993,0.00485902944146524,0.0827291323921111,0.612176833355325
"IRAK3",-0.884970443027843,0.119710374805478,0.483857889009766,0.229798136282791,-0.237113992142991,0.642197527604955
"IRAK4",-0.157101659872646,0.753589041466604,0.360859592547388,0.115189549329781,0.0542254646783116,0.863168287708368
"IRF1",-0.357016343851116,0.643621135616102,0.403448893602594,0.238157499842953,1.61165683741971,0.000105221828214658
"IRF3",-0.168241271913478,0.758409584423432,0.0876304268438446,0.739060118726131,-0.0722760258920321,0.829255566338228
"IRF4",-0.175225389412672,0.753589041466604,0.103513947739225,0.692785788839678,-0.409213310429275,0.171414091642621
"IRF5",0.198743734500254,0.592001361399563,0.281552475559438,0.103318187616981,1.4172049997293,6.22181355602588e-09
"IRF7",0.733859755195459,0.0259545422267066,1.18160667674981,2.13124500553197e-06,2.79330659036813,1.77275132390112e-14
"IRF8",0.162720905907669,0.725843082053052,-0.443382144039721,0.0200445546410474,0.216891887102407,0.40932474373181
"IRGC",0.0909927671002029,0.774299867671589,0.266829176970035,0.0915592278708382,0.360292009550079,0.091929627390645
"IRGM",0.0364241225416073,0.878247217548497,0.0598649908606257,0.677357001567138,-0.234996196600744,0.138793677547877
"ISG20",0.515599381259227,0.264105258095833,1.22633338618156,9.43043710591314e-06,2.0377209451424,7.5336082535461e-09
"ITGA2B",0.438665669477016,0.482371614170655,-0.944800945749076,0.00153015165335229,-0.480329480039106,0.20381275323209
"ITGA4",-0.243280277549063,0.705886639348719,-0.892797390067324,0.000881223931495097,-0.317876020864308,0.357694022504975
"ITGA5",-0.85887627403388,0.0516358245351178,-1.43153437370733,5.25081796618409e-06,-0.533341673924157,0.183204399756641
"ITGA6",-0.0910357004964419,0.851852333087867,-0.845372376749735,1.53329795432326e-05,-0.739704081372798,0.00206988953783228
"ITGAL",-0.44144675718986,0.391983672966596,-0.356287307214597,0.216537900759196,0.376665603557615,0.286545614175071
"ITGAM",-0.0840996515968895,0.8735226922652,0.915149552840891,0.000187349907507393,1.30212591643452,2.3094536777021e-05
"ITGAX",-0.387847193318885,0.241748734719049,-0.557361623429499,0.00461470872673091,-0.691739653204039,0.00335851399553755
"ITGB1",0.111915696202175,0.834758205249315,-0.781421196234218,0.000556148554335398,-0.533849663882341,0.0706931524149247
"ITGB2",-0.286569013074104,0.610767454226977,-0.218321348807248,0.391559256567066,0.0490012859333291,0.894643181758148
"ITLN1",0.21529933688269,0.345251466000599,0.0347487596851073,0.80596889721525,-0.11552627506663,0.479794221828207
"ITLN2",0.0974200935355984,0.755427506192914,-0.0405511104595551,0.79184645966715,-0.184990777081691,0.283625149987293
"JAK1",-0.0846658635005486,0.857899432799957,-0.298751372964503,0.166435320977618,-0.428255535362394,0.0988656157911162
"JAK2",-0.00694624773906938,0.991191339412685,0.224304939115083,0.524778380509881,1.63814052253231,0.000100437236263745
"JAK3",-0.185202312263089,0.688528537734617,0.464765276981628,0.0272287871228088,0.12716768866135,0.651479153126185
"JUN",0.205497352496613,0.554509506481392,0.832641627615398,2.58879857355123e-06,-0.114071791688626,0.582551075231586
"KCNJ2",-0.619605141469776,0.333043470395409,0.058211304894316,0.88035916788187,1.25249731447412,0.00704677941402326
"KEAP1",0.0364241225416073,0.8735226922652,0.106893836863131,0.346869028238415,-0.175295392265237,0.188653053692059
"KIR2DL4",0.264920948301882,0.241748734719049,-0.178577568134222,0.184895519175682,-0.252114181745764,0.114914160466095
"KIR3DL2",0.0187825997518383,0.963079998420614,0.323159990045708,0.1044473104852,-0.165531599073604,0.491740090671395
"KIR3DL3",-0.0338693151360783,0.883846635220129,-0.261710735930013,0.0417596873832008,-0.319421936870472,0.0453870491633222
"KIR3DS1",0.0684191508855427,0.82850009784754,0.0599739576142184,0.692785788839678,-0.116800451110239,0.518958583377646
"KIT",0.0200954334489003,0.921582106316358,-0.0945976443602321,0.4215891494717,-0.309360107934195,0.0275919958466573
"KLRB1",-0.200046932676809,0.780845083396284,0.354927844310728,0.310132591063456,-0.689930358441169,0.0813562628778528
"KLRC1",-0.325462398463164,0.623637232983197,1.28254302872351,2.4245379542213e-05,-0.729771554134209,0.0417021406568672
"KLRC2",-0.683609901145452,0.154539998030019,-0.812976014821579,0.00899294836767964,-1.24056465329905,0.000931336569283042
"KLRC3",-0.142263912907193,0.804394248332879,-1.14159162661775,6.46054066576309e-06,-0.956661487288269,0.0027165177006156
"KLRD1",-0.316991222267871,0.713623050930752,0.338247265003265,0.372443722792871,-0.216944021721538,0.653896422467293
"KLRF1",0.085225089558203,0.89483746133107,0.550107018699703,0.135183506085886,0.0142436589678514,0.980523677035869
"KLRF2",0.124062656839657,0.780781385994787,1.13748215885965,3.46731235169111e-06,-0.194790410619603,0.444990179081363
"KLRG1",0.101922394278136,0.8735226922652,0.103080109258069,0.737051167589504,-0.305927735553884,0.390311687048349
"KLRK1",-0.299995528149767,0.725843082053052,-0.555137897183315,0.147813318363579,-0.838634234215579,0.0717059728202341
"LAG3",0.185785953986406,0.605599944945903,2.00704171112898,6.29493880508998e-18,0.0946600654378731,0.668806088550691
"LAIR1",-0.174597362294124,0.772308698099151,0.664836191056226,0.0146317069050048,0.522262635374602,0.122494023980356
"LCK",-0.0419552053006704,0.927129317237432,0.610000624841815,0.0200445546410474,-0.308771544366133,0.335775448555366
"LCP2",-0.107117885273416,0.857899432799957,-0.418301291984143,0.115189549329781,0.692353755613746,0.0394539401054401
"LEF1",-0.431549375425151,0.300588487877189,-1.47618227787234,7.59957773847997e-10,-0.729685541695671,0.0171839921464231
"LGALS3",-0.3263242097813,0.641938237818872,0.515805413730062,0.101662618467862,-1.14373983832529,0.00162134376262536
"LIF",0.0653784890239546,0.79300285010971,-0.135234431705217,0.239996881081125,-0.234996196600743,0.0923754262628964
"LILRA1",-0.326498375047356,0.543229121059369,-0.682005101632243,0.0042771967069865,0.314893777187224,0.345693318128573
"LILRA2",-0.455125519944483,0.697283845325082,-0.326914503679838,0.527660757779026,0.218746395105631,0.748314649791387
"LILRA3",-0.498235011837677,0.483823138318537,0.82622921997412,0.0271361738315821,1.64372423240026,0.000470791096118847
"LILRA4",0.312270597818056,0.138630501275874,-0.145819792881237,0.285767876664847,-0.0591066339833972,0.751047789355185
"LILRA5",0.0589741330173332,0.8781940498964,0.786716735506314,0.000294462459297898,0.869422480429772,0.0032803517366516
"LILRA6",0.147563859424515,0.562804490451441,-0.126890299265849,0.281242620680284,-0.234996196600744,0.0983778985143531
"LILRB1",-0.0336096116882514,0.935097827419764,1.30108709177527,4.9560619335894e-06,-0.299287640231556,0.297932257305663
"LILRB2",0.0735898765362641,0.8735226922652,-0.228302072491325,0.308608090153522,0.333205652878088,0.267445939499856
"LILRB3",-0.0361222711437437,0.907083598380549,0.260876188700985,0.163676665949442,0.54607766056453,0.0388015024866417
"LILRB4",0.189753480522178,0.403953356117111,-0.141400718824988,0.245081290410976,-0.0640992396314797,0.696270026780517
"LILRB5",0.246423736225264,0.264105258095833,-0.152305334412409,0.243001028593445,-0.226351152222209,0.150149552566681
"LIMK1",0.0634170456350347,0.79300285010971,-0.14781099144876,0.204991734482371,-0.197903266869718,0.154735769994769
"LITAF",-0.793524034244186,0.0325572116140876,0.169099468578516,0.559867610401252,0.669080645897905,0.0644447542009855
"LTB",-0.433946812030577,0.270945800725455,-0.680546620521936,0.00298333820155869,-0.139210712331819,0.659638616388645
"LTB4R",-0.0347155896134987,0.886926273778227,0.14048181936455,0.335358844870688,0.00457466994234501,0.98178592558606
"LTB4R2",0.0204048773070333,0.921582106316358,-0.14188550884554,0.229659893314301,-0.224966933320932,0.112685904342687
"LTBR",0.156953118267552,0.564417099072339,0.194165099327641,0.150912355478682,0.679783486177134,0.000558748649037906
"LTF",-0.207473088123229,0.780781385994787,0.634543777727906,0.0826629370956409,0.435313749884418,0.335047398777873
"LY96",-0.63729503415976,0.264105258095833,0.49028972281925,0.179784187826203,1.66135571227897,0.000158470087162571
"MAF",0.124581302840465,0.79300285010971,0.163742856464116,0.486059818671196,-0.104380565880525,0.730853416975535
"MAFF",-0.03121399888078,0.933547622356715,-0.0576890488886583,0.80596889721525,-0.198365601045285,0.469330212023809
"MAFG",-0.219546200861844,0.543229121059369,-0.0437123018347556,0.818138838022558,-0.322403052268032,0.123552753031831
"MALT1",-0.423156567995317,0.403953356117111,-0.574514842113432,0.0376347938965977,-0.446882502290181,0.187580916125089
"MAP2K1",-0.0111028192748988,0.979282406704431,0.229159631870206,0.287684333890655,-0.142554266803452,0.600845041062985
"MAP2K4",0.186369940859537,0.748609626103064,-0.297799212924861,0.231091039387799,-0.240097612349455,0.440998393828301
"MAP2K6",-0.216026394371279,0.63073116083891,-0.820912718438128,7.74418234849445e-06,-0.65097858680913,0.00518121535065003
"MAP3K1",-0.400193228073173,0.283089765046613,-0.674600227248122,0.00182494672669135,-0.0840422436292609,0.774872343677283
"MAP3K5",-0.279753577199735,0.462657535282572,-0.458664691544027,0.0166334157800793,-0.150215412007855,0.546746394140509
"MAP3K7",0.0273708525465794,0.935097827419764,-0.534939662292511,0.00247007947322164,-0.443599294173444,0.0591332661837614
"MAP3K9",0.137344144455589,0.623637232983197,-0.183096132754884,0.136264342540591,-0.236307842711449,0.107181914360496
"MAP4K1",-0.0183747963249816,0.975572050630082,0.248410254376213,0.34263219273069,-0.373543972003053,0.22938145721248
"MAP4K2",-0.399900162155456,0.225322513344726,-0.656108620906834,0.000796986886538258,-0.760898950158614,0.00156929436155347
"MAP4K4",0.277585531301295,0.774299867671589,-2.0371443154723,1.11248329485159e-06,-0.336189622003932,0.542970883580066
"MAPK1",-0.323657128159223,0.533856563014278,-0.427808179914239,0.0859231207001489,-0.667802418984516,0.0286404270407836
"MAPK11",0.0235004578309441,0.914465877610527,-0.173491270849881,0.15313485800968,-0.248358647311925,0.0916837468813799
"MAPK14",-0.605912718024647,0.0385484763733742,-0.270622916059878,0.229798136282791,0.187049194796675,0.518958583377646
"MAPK3",-0.398537743858203,0.250062490225851,0.170519853106514,0.433382511338657,-0.0460569117441771,0.877396097665879
"MAPK8",-0.0239262712601551,0.96873689194081,0.547760637317555,0.0583587780987117,-0.379896201637067,0.248976951698456
"MAPKAPK2",-0.216567608379231,0.63728755907119,-0.237331020759475,0.241951361330387,-0.17639707909869,0.490003669869731
"MAPKAPK5",-0.180006050434931,0.705886639348719,-0.534329353749944,0.00627566948406704,-0.199374109503071,0.444770510191759
"MASP2",0.0405063241903223,0.8735226922652,0.118511534912596,0.409477336490133,-0.234996196600743,0.15205005056919
"MAVS",0.0764487552145363,0.758409584423432,-0.143002021753296,0.212540763699234,-0.234996196600743,0.0916837468813799
"MAX",0.306413559975013,0.610767454226977,-0.780444917896123,0.00236573273633753,0.027382162122402,0.949153878934394
"MBL2",0.118116399392513,0.720121820276414,0.109772488859006,0.471863402111542,-0.236933631251714,0.170994039240835
"MBP",0.122569918233509,0.705886639348719,-0.106339023413403,0.441369616106185,0.130686867375201,0.491491348008503
"MCL1",-0.109715958676414,0.870042221592446,-0.0547062344687674,0.861976699853944,0.799407333719289,0.032304548153372
"MEF2A",0.099067802919147,0.755427506192914,0.111458447411606,0.459695439713705,-0.142760072051302,0.440240320987319
"MEF2BNB",0.0364241225416073,0.8735226922652,-0.112322210172201,0.327141180720204,-0.152886677840891,0.277831920834982
"MEF2C",0.0238647198640907,0.927129317237432,-0.413685893837395,0.00210765564682637,-0.12718217731773,0.494430356310218
"MEF2D",-0.337415280723812,0.264105258095833,-0.531489185428384,0.00275587252769662,-0.507968444160121,0.0274329846029574
"MIF",0.0250632239457378,0.963079998420614,0.859750153974388,0.000358605425865465,-0.161131551952225,0.602381334514617
"MKNK1",0.0902348379504891,0.855461798883332,-0.248900023763492,0.241884704152699,0.137051050072357,0.627825433447529
"MME",-1.08494847000092,0.0128299282280241,-1.37892119089305,3.15873395036559e-05,-0.82489096839401,0.0612212720875563
"MMP3",0.0630201544975746,0.79300285010971,-0.119280959251403,0.303994233268638,-0.234996196600743,0.0936174344385469
"MMP9",-0.906045829480126,0.0625382307318402,0.617354650571167,0.0969389049780464,-0.119952674179139,0.799014672831481
"MR1",0.35703355738288,0.136171984472557,1.11563565854973,2.68750401279622e-09,2.40597660509478,2.21493965242412e-15
"MRC1",0.175625740994898,0.592001597394303,-0.0516898807798718,0.737051167589504,-0.148644080442055,0.412468407537321
"MS4A1",0.0985657947598497,0.901140446534849,0.265971627861655,0.557665854263834,-0.697862256080469,0.1803382231018
"MS4A2",0.188696840077429,0.720121820276414,1.82905517218215,1.35150299608829e-11,-0.12914993843477,0.664657662166878
"MSR1",0.0426208520917593,0.8735226922652,-0.092550136827577,0.464063374182795,0.200078224823311,0.239398109621041
"MX1",2.85292025921373,2.4316239735218e-08,4.17809641758454,5.38626736902151e-17,5.94870210568953,2.91484412828812e-18
"MX2",1.39317046116788,0.00393236088271799,1.80122460156734,3.7916643501582e-06,3.44046723461714,2.13224629325898e-11
"MYC",-0.354123045762229,0.40157861974988,-0.457888075757712,0.0459668852171639,-0.32483784040639,0.254253871546708
"MYD88",-0.222629866271062,0.684341507232297,0.240001855178027,0.303994233268638,0.625023451480365,0.0365511250670549
"MYL2",0.132529432582349,0.630777734134721,-0.212620105571392,0.0783166799610784,-0.277483010782391,0.0612212720875563
"NCAM1",0.107812271083292,0.705886639348719,-0.153497712514898,0.221791398481311,-0.19140722041216,0.206102341803968
"NCF4",-0.757572929259811,0.0380971784376247,-0.911671911448655,0.000478926907133413,-0.082308325218472,0.825160583425174
"NCR1",0.0281597970390894,0.913515625376704,-0.248520037242705,0.078535329445395,-0.332672254723802,0.0529044001550323
"NEFL",0.0713360775150784,0.775610043705164,-0.0970440272225623,0.403536553726146,-0.234996196600743,0.0932836873593462
"NFATC1",-0.296992309885492,0.414621348175657,-0.293970199863413,0.146766720103014,-0.0844009949706637,0.752767362682731
"NFATC2",-0.373927792408877,0.357808942480682,-0.574453211977738,0.0115591659569115,-0.460670544899632,0.111405312073031
"NFATC3",-0.0959981627704831,0.857899432799957,-0.785914713760192,0.000506965102624739,-0.596736451869937,0.0425841625060634
"NFE2L2",0.148110950121797,0.79300285010971,-0.325481479722734,0.231692955367112,0.22901757608782,0.502893276555392
"NFIL3",-0.317420529282975,0.564417099072339,0.954031092152932,0.000235692495338912,0.0181738328948891,0.961030741772321
"NFKB1",-0.263776507032947,0.604510542518953,-0.0240132346410871,0.920209231938076,-0.152750308587125,0.596786137597836
"NFKB2",-0.556859789750082,0.0485712708385229,-0.463473096353167,0.0276102760568956,-0.238918466589949,0.377626381446066
"NFKBIA",-0.234835680631427,0.720121820276414,1.02348682162328,0.000260206606449708,0.905220681081946,0.0121865964317127
"NFKBIZ",-0.398454387753604,0.416448624452479,-0.370868191127319,0.171256586097292,0.141242289620969,0.691707271198486
"NLRP3",0.0690167113121269,0.834758205249315,0.410855458992915,0.00905703129481018,0.0962093356998075,0.642197527604955
"NOD1",0.148611172501026,0.693799862337441,0.363771541845334,0.027529912535925,0.112037231358841,0.600845041062985
"NOD2",-0.234321450107791,0.645179872505579,-0.0947811092812856,0.688603659103637,0.39830960245687,0.152951033961397
"NOTCH1",-0.435341782533063,0.138630501275874,-0.440970413918416,0.0296839155189963,-0.652171639844966,0.00646936896882856
"NOTCH2",-0.581677098537821,0.126876732302137,-0.871121565002596,0.000485684673182779,0.175206607417168,0.600845041062985
"NOX1",0.151554906613009,0.654319719076929,0.0317561601259184,0.842751712147267,-0.230469952133103,0.1881013899145
"NR3C1",-0.393023325286757,0.345401949667489,-0.285613567040851,0.237126826350385,-0.203834628052922,0.501188333306718
"NT5E",0.108448924868586,0.753589041466604,0.129121399165649,0.420536728940621,-0.362439473352263,0.0469527784538731
"NUP107",-0.0799738821958531,0.834758205249315,0.229869092405726,0.201749637554689,-0.396869604457504,0.0614649073430601
"OAS1",0.982888657218574,0.0642347619534699,2.1306665974006,5.42281449827942e-08,3.62038650618404,2.54916076166895e-12
"OAS2",1.87371836774853,7.26561829887934e-05,2.94425296808912,8.60244637442848e-12,4.54924581325289,1.78428574385606e-15
"OAS3",1.9899796846658,9.21404578776196e-06,2.97512052964349,1.30654114811444e-12,4.87724040573468,6.93514657842278e-17
"OASL",1.55284694220304,2.07905226857316e-07,3.6038549430061,1.08637206617986e-24,4.81478125687369,7.75890141041281e-23
"OAZ1",0.417216495463787,0.697283845325082,-2.22024281050465,2.21277214514294e-07,-0.394037022254764,0.48119644124634
"OXER1",0.0807357828886142,0.753589041466604,-0.152736936802152,0.185960541851258,-0.239922141954136,0.0881393558067081
"PAX5",0.0862410728315712,0.751955348779506,-0.144476898667129,0.217462627542513,-0.234996196600743,0.095462356227702
"PDCD1",0.0583464636849627,0.838817653636595,0.454093787287056,0.00129335204002002,-0.127238304524593,0.449362832593453
"PDCD1LG2",0.07543094837468,0.820382663625242,0.512330829214864,0.00187021259606556,0.938701781622302,0.000184701891800987
"PDCD2",0.175934449869287,0.623637232983197,0.389256751318235,0.0192870107688776,-0.196389697078775,0.304207324066721
"PDGFA",0.0819087306941233,0.753589041466604,-0.147154482778762,0.205700714093462,-0.234996196600744,0.0932986761189543
"PDGFB",-0.159583350813392,0.780760905151736,-0.666561706339941,0.00614470150470196,-0.40103141878987,0.199677621696399
"PECAM1",-0.00262352558753953,0.996321733261222,-0.441466010550943,0.0585170551503938,-0.00793015623929882,0.98178592558606
"PIK3C2G",0.0364241225416073,0.886926273778227,0.118577718076404,0.434266819701554,-0.234996196600744,0.174434506392388
"PLA2G2A",0.0364241225416073,0.8735226922652,-0.0202644162045047,0.87237474356398,-0.234996196600744,0.101485429886421
"PLA2G4A",0.106482394588963,0.705886639348719,0.435228375103195,0.000730844791433054,0.236353964566905,0.163086349051595
"PLA2G6",0.101792985108739,0.720121820276414,-0.191799803344162,0.115217426131535,-0.227002755876624,0.118933774333673
"PLAUR",-0.0620453386238076,0.8735226922652,0.931005709996155,3.97432165109726e-06,-0.22782691929266,0.299866980842566
"PLCB1",-0.215838361359268,0.470781623079822,-0.678622454746829,2.93780565371843e-06,-0.719893027907242,1.62941304876658e-05
"PMCH",0.0826501489133316,0.8735226922652,1.24912444389028,4.09025777105249e-05,-0.273172398744511,0.390311687048349
"PML",0.823479524914691,0.000187967449813698,1.21647730175928,1.01602932861055e-09,2.40727791069811,1.54877714326419e-15
"POLR2A",-0.588249780898225,0.135468822757982,-0.635453275732443,0.015235892522869,-0.09617447413798,0.783934650025268
"POU2F2",-0.103656362400042,0.752595743288337,-0.313388613069241,0.0255073090608478,-0.124591231548011,0.502893276555392
"PPARG",0.067918347829691,0.820329044014448,0.13967560781613,0.330138408140528,-0.234996196600743,0.150149552566681
"PPBP",0.212721624201601,0.772308698099151,-1.35606404954395,1.74405101938141e-05,-0.742346985093421,0.0706931524149247
"PPIA",0.00353052580203794,0.996321733261222,0.7964309938101,0.0225601812974658,-0.245461893489061,0.580342924609133
"PPP1R12B",-0.0495879161648229,0.872662221749789,-0.394838989742926,0.00187021259606556,-0.361923449891624,0.0271252935271112
"PRDM1",-0.278238594763476,0.610767454226977,0.0901387763037533,0.732310911184555,0.746665678763001,0.0175821691869129
"PRF1",-0.172203085022515,0.820382663625242,1.4994953434953,1.20877978148285e-05,0.163308457529723,0.723503497902844
"PRG2",0.0364241225416073,0.895426393417608,0.180661273615628,0.266058387007587,-0.234996196600744,0.205646581597892
"PRKCA",0.0996575468024128,0.780781385994787,-0.162547013987211,0.314238178014298,-0.319659017765188,0.0971662604521393
"PRKCB",-0.140387473799482,0.780781385994787,0.202010520900293,0.391105077539375,0.282694578802554,0.3277909934731
"PRKCD",-0.634931214313623,0.102257959457754,-0.513790767772379,0.0625312398131323,0.22408900549887,0.524759319181019
"PSMB10",0.274491929499085,0.547179391599739,1.39840470666311,4.72999237376787e-10,1.25423154167525,2.94005743591734e-06
"PSMB5",0.00642855224089711,0.989273974642414,0.35327857372521,0.0448304632307563,0.133680268350431,0.557987523782724
"PSMB7",-0.26169729204903,0.678268232640216,0.226028307460107,0.40197353334702,-0.0476132671341016,0.903217035705056
"PSMB8",0.455473690267876,0.225322513344726,1.14875482452681,5.84594650233343e-07,1.49558525525799,1.34440595330445e-07
"PSMB9",0.135076868415659,0.834758205249315,0.870266747384491,0.00184230916009847,1.24441967665511,0.000404619272196181
"PSMC2",0.152282421172204,0.79300285010971,0.117788402909088,0.681183864983138,-0.111495247269222,0.753393174493203
"PSMD7",-0.00599439135511126,0.991191339412685,0.526578578029481,0.0241628408798649,0.120373771544427,0.696270026780517
"PTAFR",-0.398655783099453,0.470781623079822,-0.430374368682802,0.135052025245175,0.46336109096012,0.188653053692059
"PTGER2",0.0734696908141936,0.774299867671589,-0.158677766883391,0.182309678649212,-0.245862972035375,0.0889415528256515
"PTGER3",0.0734548377021857,0.771122919108727,-0.120808386719414,0.288643774122278,-0.213508517209888,0.118255156207947
"PTGER4",-0.0159920310608328,0.978564029707026,0.0880299735356402,0.735875740841616,0.242150367749614,0.4400458083073
"PTGFR",0.11669045087832,0.79300285010971,0.508232936836191,0.0313731990449959,-0.295570956146841,0.246046459194382
"PTGIR",0.212712360257227,0.288745072512231,-0.172623335279824,0.147813318363579,-0.243937446501173,0.0916837468813799
"PTGS1",0.0259543743673216,0.963079998420614,-0.167302733726444,0.527660757779026,-0.296823163182868,0.351354816962683
"PTGS2",-0.546811800762288,0.496246027670458,-1.45706596032173,8.77488379946728e-05,-0.0319884252388576,0.957988894744875
"PTK2",0.0647264316888325,0.91505594754267,-1.55388956861272,1.5326730199718e-06,-0.265394615684277,0.537791975051305
"PTPN2",0.124550030793928,0.79300285010971,0.453466785483009,0.0486307692790566,0.598639663873103,0.0416977312627523
"PTPN22",-0.289304749419316,0.592001597394303,0.702296479344814,0.00446697313260406,-0.536801358917841,0.0746822231413643
"PTPN6",-0.343329821214536,0.357585561476492,-0.461820108381775,0.0277070508039549,-0.451208069761867,0.0916837468813799
"PTPRC",-0.132001464521812,0.851852333087867,-0.325719150512512,0.294428837352156,0.0036390314991035,0.991970832925145
"PYCARD",-0.115603143549261,0.814824784577165,1.19184074316741,2.23221521012507e-07,0.898069681384916,0.00156929436155347
"RAC1",-0.277647743292599,0.645179872505579,-0.830106922627847,0.00113194884691114,-0.195685570953859,0.562003574934695
"RAF1",-0.591973646569041,0.0295411943217408,-0.638612773028922,0.00129335204002002,-0.590433078988166,0.022546020546128
"RAG1",0.0364241225416073,0.8735226922652,-0.0573913133358284,0.646973209360426,-0.234996196600744,0.101471224324189
"RAG2",0.0364241225416073,0.8735226922652,-0.00293722490439663,0.98202076507519,-0.234996196600744,0.114717155385279
"RAPGEF2",0.0570571147589307,0.8735226922652,0.761813571620706,0.000168618018027417,-0.234996196600743,0.278789618727481
"RARRES3",-0.146188561584294,0.800778343321501,1.53925700415473,4.77425372918814e-08,1.41884721932149,3.01415474828718e-05
"RELA",0.248240748560277,0.168154242270105,0.212685828799104,0.0841363668527532,0.171461023661001,0.276822976130343
"RELB",0.127637089722494,0.630777734134721,0.134282710560049,0.269751725320092,0.002379016832327,0.987145481150502
"REPS1",-0.328545616240555,0.509659252054535,0.191872455626815,0.446041968704661,-0.479113375871766,0.108734827918959
"RHOA",-0.476255979203803,0.281431789666164,0.0534422234327021,0.854108707265591,-0.0456955379442601,0.906883172178666
"RIPK1",0.0825574994520046,0.835466969755212,-0.0154449098492364,0.936019364928192,0.474819559194333,0.0447921869974017
"RIPK2",0.0510436393348854,0.895426393417608,0.352358722084141,0.120510204099471,0.992179532714593,0.000537751673385982
"RNASEL",0.208594397385515,0.437879041466176,0.251460538705896,0.0932017189078364,0.807985918230052,0.000187646323785755
"ROCK2",0.384016586494242,0.13145473671468,0.272340999068516,0.11619558800912,0.636103752861011,0.00332638731293449
"RPS6KA5",-0.235451094296414,0.663507906137856,-0.33051860894787,0.162553219516593,0.0935590462668969,0.758298818436825
"RUNX1",-0.727181897964504,0.00665580110795215,-0.357555583968495,0.110570999952227,0.116899322260938,0.691707271198486
"S100A8",-0.313379294941532,0.697283845325082,2.97381329992047,1.2990969170339e-14,2.13593558582591,6.90480664227692e-07
"S100A9",-0.408156085784888,0.713623050930752,2.16057375142739,6.72606458455676e-06,2.07835797291146,0.000537751673385982
"S1PR1",-0.236426375222708,0.701284628943543,-0.432035698693403,0.105576795939756,-0.617215436924942,0.0612212720875563
"SDHA",-0.0830415110401788,0.8668509266035,-0.191691286879614,0.380059185983599,0.000468486818137492,0.998283035073407
"SELE",0.16349562457868,0.622516540449997,-0.0232111507093498,0.879826184316037,-0.242847430786275,0.158155499531448
"SELL",-0.198935274785248,0.79300285010971,0.429282934177165,0.233643247922502,0.999493963669874,0.0275919958466573
"SELPLG",-0.120201334086973,0.79300285010971,0.241734500440209,0.288643774122278,0.85343789320392,0.0029291574275302
"SERPING1",0.0699847017086599,0.855286438567154,2.26300091616624,2.00936776810905e-18,2.84850231942585,5.12037345151619e-16
"SH2D1A",0.110570614940914,0.8735226922652,1.01717890473227,0.000817754747381311,-0.379455891678412,0.298093520258744
"SHC1",0.121455373680711,0.784892516535091,0.293502079692159,0.161412366278613,0.214452906485532,0.40931556983531
"SIGIRR",-0.188007971581851,0.720121820276414,-0.602666094879088,0.00508833259295102,-0.494921918441733,0.0790076816697394
"SIGLEC1",0.18704134389805,0.481446985950985,-0.0876768776511652,0.516847782776446,0.89333576083306,2.3094536777021e-05
"SIRPA",-0.838024436387421,0.0625382307318402,-1.08234164447298,0.000600628632771221,-0.0167614163275243,0.973567732315385
"SKI",-0.167988642078125,0.645179872505579,-0.335593123499534,0.0385716993807575,-0.470424742039977,0.0157836098621549
"SLAMF1",-0.172338175226817,0.752619928358598,-0.335078303665831,0.164226778580494,-0.260776287795928,0.383256395385406
"SLAMF6",0.0880695697161444,0.854785231787822,0.304071721889427,0.166587778064268,0.10788518398683,0.710429857592931
"SLAMF7",0.020530352910539,0.978564029707026,0.611349673463499,0.0627382509099585,0.0502804665432066,0.911778914644294
"SLC2A1",0.137692190157898,0.857899432799957,0.579312685279074,0.0979099893711357,-0.338083809946056,0.425704051505398
"SMAD2",-0.541621124023402,0.0897809486488069,-0.702881257212857,0.00129335204002002,-0.568909285141604,0.0456640492396471
"SMAD3",-0.271088841642089,0.509659252054535,-0.324153446041625,0.111118032357184,-0.485348840577798,0.0529044001550323
"SMAD5",0.101483470864106,0.765340907927054,0.287736796872112,0.0856208442786395,-0.239132874526096,0.190008127929545
"SMAD7",0.115811834360351,0.720121820276414,-0.328394119123808,0.0120901484443885,-0.362801947455627,0.0273843969097113
"SOCS1",0.30069700070204,0.245772817158561,2.30847380121297,2.36088371198686e-21,3.42835974420497,2.47813868099658e-22
"SOCS3",0.0340689520547786,0.927378252273479,1.49121800493889,1.0290161145043e-09,2.18562595120722,1.39558635919944e-11
"SPP1",0.0364241225416073,0.8735226922652,-0.102674151068891,0.389619179748831,-0.234996196600744,0.0988656157911162
"SRC",0.24930948062551,0.345401949667489,-0.250803966116362,0.085057721123334,0.0622766765773086,0.758298818436825
"STAT1",0.485168086924032,0.350600114126239,1.02564671824905,0.000424931309191139,2.12879882493341,1.06364588003068e-08
"STAT2",1.06962434780488,0.0103406959390336,1.66285038888484,4.79865056299203e-07,3.4416235208132,1.9185299869036e-14
"STAT3",-0.361426038887044,0.543229121059369,-0.320597613244216,0.249336088281598,0.808286847201046,0.02298879677489
"STAT4",0.123343260132089,0.871454014076216,-0.0821959719781571,0.818138838022558,0.046339242689605,0.922954835241958
"STAT5A",-0.392897904641782,0.33798637214851,-0.111620897226414,0.650875022747765,0.694070993925518,0.0229392567866902
"STAT5B",-0.752163594423561,0.0897809486488069,-0.813341832604756,0.00810185722769831,-0.0859183957780285,0.840437445376615
"STAT6",-0.137992914614529,0.768162993472796,-0.474335337858701,0.0211868487551358,0.189954350078924,0.484236738306388
"SYK",-0.431410478686168,0.349296880903056,-0.538947528191807,0.0405129715188565,0.125672711456263,0.723503497902844
"TAGAP",0.000321010105563957,0.998985660786889,-0.412230171729004,0.168394364070017,1.09525637880494,0.00282143098983375
"TAL1",0.0521811297289645,0.927129317237432,-1.50587985273024,9.0173623142873e-07,-0.51603263001889,0.189625382394128
"TAP1",0.358298342680927,0.564417099072339,0.845706435191307,0.00280778325427987,2.0019443953543,2.88490796527628e-08
"TAP2",0.0529986305394292,0.89483746133107,0.690993835363553,0.00188112229796241,1.78542091243606,3.18130754445662e-09
"TAPBP",-0.0922740210985893,0.8668509266035,0.566869168061981,0.0186109980788587,0.699638759146421,0.0229392567866902
"TARP",-0.463914878344371,0.554509506481392,-0.40881323357371,0.268586692900967,-0.484135020552824,0.283625149987293
"TBK1",-0.302470227562746,0.543229121059369,0.679440064011515,0.00358725182920459,0.891539068294899,0.00284476846341357
"TBP",-0.125029261823896,0.725843082053052,0.311211317569548,0.078535329445395,-0.045983481206906,0.840437445376615
"TBX21",0.137715018618785,0.835466969755212,0.0957979205146611,0.767347764542413,0.0244573769937935,0.957988894744875
"TBXA2R",0.132023143587484,0.623637232983197,-0.14781099144876,0.212540763699234,-0.23180843051426,0.101485429886421
"TCF4",0.0733664250155854,0.8781940498964,0.0987817493530434,0.723068432331317,-0.0725628730948422,0.83836223907605
"TCF7",-0.02596339515497,0.931458831324191,-0.550948699344453,0.000594884678158727,-0.523806648416062,0.00763072836796431
"TFRC",-0.100566465014678,0.8735226922652,-0.0266176482771989,0.931811694868849,-0.217099296768721,0.556920001307869
"TGFB1",0.228914270205349,0.679106580122456,-0.428773964957076,0.0671168206195203,-0.0543290359828017,0.868372641941008
"TGFB2",0.119209488201604,0.755427506192914,-0.279054560384545,0.104920151473775,-0.395421036267926,0.0556136252657541
"TGFB3",0.151223265173288,0.584504909980779,-0.168722295537003,0.17847036510679,-0.239119908385536,0.108635569877764
"TGFBI",-0.165870366483581,0.79300285010971,-1.29831898974863,9.92943203761767e-07,0.441571980148273,0.21595097979629
"TGFBR1",-0.925159815018427,0.00668121190566815,-0.79749408844293,0.00308270707139112,-0.96195824188514,0.00401634718656801
"TGFBR2",-0.437727932489013,0.302167484133393,-0.353047526086126,0.17257668965872,0.333161122418781,0.289596997343819
"THBS1",0.101022794838613,0.8735226922652,-0.949612532854417,0.00153244096871324,-0.770078121461077,0.0477017372816112
"THY1",0.11126671152209,0.697283845325082,-0.201294573670084,0.101662618467862,-0.268853463755214,0.0732064363957223
"TICAM1",0.107604245531308,0.697283845325082,-0.147810991448759,0.202841172496188,-0.176592828525933,0.20381275323209
"TIGIT",0.166017356811128,0.804394248332879,1.64861633632775,5.72452925766831e-07,-0.129107009363837,0.755541250575886
"TIRAP",-0.040859857760009,0.8735226922652,-0.160262242850405,0.241951361330387,-0.258783992405944,0.117874110879688
"TLR1",-0.647328393101006,0.0793937259958034,-0.366148663107118,0.178702804894376,0.246860767814139,0.469330212023809
"TLR2",-0.679744595905118,0.339185011215526,-0.63997386919346,0.123078364575531,1.09799289976286,0.0384805632784503
"TLR3",0.0673020574543886,0.79357872910656,-1.22842035104043e-05,0.99990888491357,-0.234996196600744,0.119085708877544
"TLR4",-0.479602166270229,0.543478845358819,0.697242716074394,0.0671168206195203,2.24337813096878,1.43109175618977e-06
"TLR5",-0.560942228515675,0.156021423446396,-0.242594468968321,0.367184483968445,0.30179412164122,0.379733546122033
"TLR6",-0.687575386107952,0.112627806879368,-0.040090370813326,0.900826935355417,0.578615147236659,0.122736095938504
"TLR7",0.169044694434508,0.656476574166099,0.247263517403431,0.162553219516593,0.160822111318245,0.479419023311396
"TLR8",-1.1435594935549,0.00162971286803015,-0.905557529603541,0.00236573273633753,0.120488230155408,0.76857173548831
"TMEM173",0.250269510245388,0.282830965818397,0.587818121751659,5.47115084377256e-05,1.01493719905078,1.92872197701636e-06
"TNF",0.115004965376039,0.697283845325082,-0.0276603436389893,0.837878364952627,-0.0550807172173498,0.748314649791387
"TNFAIP3",0.197428558375078,0.755427506192914,0.410153797455898,0.162553219516593,1.45118121689979,3.96438903886629e-05
"TNFAIP6",0.0364241225416073,0.8735226922652,-0.101577463000651,0.373496123322663,-0.234996196600744,0.0916837468813799
"TNFRSF11A",0.0302386520001541,0.901731862678624,-0.257255928137305,0.0594902887123047,-0.357070781485239,0.0314480346316838
"TNFRSF13C",0.0745019506455948,0.79300285010971,-0.203028717122948,0.131799511322463,-0.282208717998319,0.0836875089326425
"TNFRSF14",0.142396803948885,0.564417099072339,0.109351184026531,0.35819172952258,0.25403662612139,0.115042018456295
"TNFRSF17",0.0364241225416073,0.8735226922652,-0.108610327735141,0.341344194910806,-0.234996196600744,0.0916837468813799
"TNFRSF18",0.106527529695493,0.739106756083347,0.194124160658039,0.186839125843821,-0.225994373244888,0.170994039240835
"TNFRSF1B",-0.447825140562474,0.341182309510499,-0.231506112597726,0.396641630699348,0.650704760328397,0.0625890322306533
"TNFRSF4",0.111179554259192,0.697283845325082,-0.136765268985742,0.262386452122661,-0.266753402470005,0.0746132385762942
"TNFRSF9",0.0739680032835208,0.79300285010971,0.043724265531516,0.752492145743863,-0.234996196600743,0.122501698859811
"TNFSF10",0.184811958623873,0.630777734134721,0.773213827066521,2.47747293698016e-05,1.10305689522396,2.29260776786909e-05
"TNFSF11",0.118411117418568,0.700486348720343,-0.00747238609717993,0.95549563908466,-0.263127776305296,0.0959472090909313
"TNFSF12",0.00576058409130997,0.991191339412685,-0.0247270582372927,0.900826935355417,0.190936386310296,0.444061778447955
"TNFSF13",-0.0606393979136826,0.891947633353516,-0.194412130651751,0.432875319697742,0.681786115049426,0.0416977312627523
"TNFSF13B",1.28386589004255,0.00286778769904044,2.31162387050628,3.51018847126495e-10,3.58703758436779,6.01058712997947e-14
"TNFSF14",-0.324319124564594,0.333971525279603,-0.515505583771453,0.00603240338544628,-0.752192202490485,0.00052214402404612
"TNFSF15",0.125322365402591,0.705886639348719,-0.160555292098108,0.246044012816046,-0.294771717184663,0.0823025163758588
"TNFSF18",0.0364241225416073,0.91505594754267,0.726877732736546,0.000796986886538258,-0.234996196600744,0.318034923268423
"TNFSF4",0.112124207951479,0.720121820276414,0.213424747737724,0.150818645085076,-0.1673907473475,0.323818258903228
"TNFSF8",-0.359722130384775,0.350600114126239,-0.542640062305395,0.0116299469511312,0.20998009052579,0.471847109447097
"TOLLIP",-0.12123759025895,0.851852333087867,0.0369202739732239,0.902135012564979,0.140664870769231,0.724370890849532
"TP53",0.167235858440881,0.602895529297258,0.0339744198186605,0.823559754266201,-0.0519264115462361,0.783934650025268
"TRADD",0.246094655750386,0.264105258095833,-0.163685161288363,0.209776923209029,-0.192521331100009,0.221478295810636
"TRAF1",-0.00350684067759222,0.991191339412685,-0.0449001501102595,0.788628916747589,-0.401707375261833,0.0269755383582588
"TRAF2",0.106612298121145,0.697283845325082,-0.0383587105745073,0.752492145743863,-0.0109364514405046,0.955703207063771
"TRAF3",0.0378322402784681,0.927129317237432,0.397721015773885,0.103318187616981,-0.361243510235501,0.194264839594762
"TRAF4",0.00948473199750399,0.977008920443093,-0.0813472525118346,0.574941844260449,-0.243276188598417,0.148449154874171
"TRAF5",0.020411261092427,0.96873689194081,-0.22566195042586,0.327141180720204,-0.557141912181723,0.0425841625060634
"TRAF6",0.0406083676669073,0.8735226922652,-0.0840729950051786,0.525773422116722,-0.108625029537419,0.50995982921594
"TRIM39",-0.0271045078355101,0.91505594754267,-0.28072522715365,0.0445148252256022,-0.440062333822174,0.00763072836796431
"TSLP",0.15401058328152,0.752619928358598,0.889752416838017,0.000211156809215777,-0.238735031231274,0.346885827567909
"TUBB",-0.306824693898941,0.630777734134721,0.490399245305191,0.0917673910136483,-0.291903143887259,0.40931556983531
"TYK2",-0.341764560058914,0.463759237187785,-0.418481169865753,0.0854363251082627,-0.129159403228762,0.684792984323555
"TYROBP",-0.399775952036377,0.439255302547436,-0.440459238556182,0.11088697391383,-0.229840922756903,0.502893276555392
"UBB",0.318536859722972,0.694788777296556,-2.13357949402612,1.96308148019325e-10,-0.167925204391064,0.699676179448689
"UBE2L3",-0.0215734385156612,0.968749022672759,-0.470451477107646,0.066216821748346,0.0871918164912575,0.792846710521287
"USP9Y",0.0126927382498341,0.979282406704431,-1.16384180646506,2.22269997654262e-07,-0.4200025148637,0.131632450613326
"VCAM1",0.136530050315169,0.79300285010971,0.951354418063974,0.000487317516651931,-0.315406844650097,0.264478472683708
"XBP1",0.0113065959000824,0.979282406704431,0.600918520849278,0.0038262730105823,0.0484253622674977,0.871399306284313
"XCL1",-0.183207284765706,0.697283845325082,-0.534018118436548,0.00461470872673091,-0.561290993404992,0.0178390139729154
"XCR1",0.162351780925866,0.610767454226977,-0.177933313272311,0.205700714093462,-0.301573960763888,0.0760694254663413
"ZAP70",0.0620649600613765,0.835466969755212,0.426318126065317,0.00328733946709271,-0.262439194952571,0.111632240845492
"ZBTB16",0.062254448476704,0.79300285010971,-0.158435080742106,0.173728989069916,-0.245620285894089,0.0823025163758588
"ZEB1",-0.154922991687011,0.697283845325082,-0.107006034680841,0.536244683686177,-0.353413816037331,0.0823025163758588
